Open,High,Low,Close,Adj Close,Volume,Return,Open_Lag_1,Open_Lag_2,Open_Lag_3,Open_Lag_4,Open_Lag_5,High_Lag_1,High_Lag_2,High_Lag_3,High_Lag_4,High_Lag_5,Low_Lag_1,Low_Lag_2,Low_Lag_3,Low_Lag_4,Low_Lag_5,Close_Lag_1,Close_Lag_2,Close_Lag_3,Close_Lag_4,Close_Lag_5,Adj Close_Lag_1,Adj Close_Lag_2,Adj Close_Lag_3,Adj Close_Lag_4,Adj Close_Lag_5,Volume_Lag_1,Volume_Lag_2,Volume_Lag_3,Volume_Lag_4,Volume_Lag_5,MA5,MA30,MA7,RSI,RSI_Lag_1,RSI_Lag_2,RSI_Lag_3,RSI_Lag_4,RSI_Lag_5,MACD,Signal_Line,Upper_Band,Lower_Band,Stochastic_Oscillator,Open_Squared,Open_x_High,Open_x_Low,Open_x_Close,High_Squared,High_x_Open,High_x_Low,High_x_Close,Low_Squared,Low_x_Open,Low_x_High,Low_x_Close,Close_Squared,Close_x_Open,Close_x_High,Close_x_Low
177.130005,178.539993,176.5,176.570007,176.570007,46964900,-0.004959087150618546,178.880005,177.970001,177.320007,179.479996,180.869995,179.479996,179.690002,178.619995,180.75,180.929993,177.050003,177.309998,176.550003,177.600006,177.009995,177.449997,179.460007,177.789993,177.970001,178.190002,177.449997,179.460007,177.789993,177.729996,177.949707,43622600.0,43675600.0,51988100.0,54686900.0,60378500.0,177.848001,188.39566746666665,178.1757157142857,20.63493950336799,20.347838403017235,24.36643401892799,22.110345069814144,24.553716481354485,23.715674023051037,-3.3540109804513065,-1.7956088480248336,202.6235466937058,171.26345570629417,0.34605543174602665,31375.03867130003,31624.789852789967,31263.445882500004,31275.84622276004,31876.529100440053,31624.789852789967,31512.3087645,31524.807813789954,31152.25,31263.445882500004,31512.3087645,31164.6062355,31176.967371980052,31275.84622276004,31524.807813789954,31164.6062355
